{"Loss/train per epoch": 0.012974032415793492, "Loss/test per epoch": 0.619328146321433, "Accuracy/test": 72.85714285714285, "_timestamp": 1689900627.1946373, "_runtime": 85.10011434555054, "_step": 15}