{"Loss/train per epoch": 0.00032322291428079974, "Loss/test per epoch": 1.2161173345100704, "Accuracy/test": 87.14285714285714, "_timestamp": 1689365108.2436519, "_runtime": 15.54665493965149, "_step": 20, "_wandb": {"runtime": 15}}