{"Loss/train per epoch": 0.0006865005080516522, "Loss/test per epoch": 0.6944285464899925, "Accuracy/test": 87.14285714285714, "_timestamp": 1689365036.3457243, "_runtime": 18.93844437599182, "_step": 24, "_wandb": {"runtime": 17}}