{"Loss/train per epoch": 0.4916930344815438, "Loss/test per epoch": 0.5483360763107027, "Accuracy/test": 78.57142857142857, "_timestamp": 1689902241.4028041, "_runtime": 263.06013321876526, "_step": 133}