{"Loss/train per epoch": 0.018830020267229814, "Loss/test per epoch": 0.9107111177274159, "Accuracy/test": 58.57142857142858, "_timestamp": 1689900712.417252, "_runtime": 58.224820137023926, "_step": 10}