{"Loss/train per epoch": 0.02400858585651104, "Loss/test per epoch": 0.8056528402699364, "Accuracy/test": 55.714285714285715, "_timestamp": 1689369029.3849864, "_runtime": 37.95859432220459, "_step": 6}