{"Loss/train per epoch": 0.04417596872036274, "Loss/test per epoch": 2.6303551180495157, "Accuracy/test": 57.14285714285714, "_timestamp": 1689433854.5125492, "_runtime": 34.44063210487366, "_step": 49, "_wandb": {"runtime": 33}}